IPO Month,IPO Day,IPO Year,Symbol,Founded,Industry_Sector,Is SPAC
12,30,2021,GMFI,2021.0,Shell Companies - Financials,Yes
12,28,2021,WTMA,2021.0,Shell Companies - Financials,Yes
12,27,2021,AOGO,2021.0,Shell Companies - Financials,Yes
12,22,2021,GDNR,2021.0,Shell Companies - Financials,Yes
12,22,2021,NXGL,1997.0,Medical Instruments & Supplies - Healthcare,No
12,21,2021,LSPR,2021.0,,Yes
12,21,2021,NVAC,2021.0,Shell Companies - Financials,Yes
12,21,2021,SAGA,2021.0,Shell Companies - Financials,Yes
12,17,2021,APCA,2021.0,Shell Companies - Financials,Yes
12,17,2021,RCAC,2021.0,Shell Companies - Financials,Yes
12,16,2021,EMLD,2021.0,Shell Companies - Financials,Yes
12,16,2021,CFFS,2020.0,Shell Companies - Financials,Yes
12,16,2021,SANG,1984.0,Software - Infrastructure - Technology,No
12,16,2021,SHAP,2021.0,Shell Companies - Financials,Yes
12,16,2021,IMMX,2014.0,Biotechnology - Healthcare,No
12,16,2021,ADRT,2021.0,Shell Companies - Financials,No
12,16,2021,BNOX,1996.0,Biotechnology - Healthcare,No
12,15,2021,IOT,2015.0,Software - Infrastructure - Technology,No
12,15,2021,AHRN,2021.0,Shell Companies - Financials,Yes
12,15,2021,IVCB,2021.0,Shell Companies - Financials,Yes
12,15,2021,PRLH,2021.0,Shell Companies - Financials,Yes
12,15,2021,BFAC,2021.0,Shell Companies - Financials,Yes
12,15,2021,EVE,2021.0,Shell Companies - Financials,Yes
12,15,2021,GNTA,2014.0,Biotechnology - Healthcare,No
12,15,2021,IVCP,2021.0,Shell Companies - Financials,Yes
12,14,2021,KACL,2021.0,Shell Companies - Financials,Yes
12,14,2021,SIDU,2012.0,Aerospace & Defense - Industrials,No
12,14,2021,VINE,2019.0,Beverages - Wineries & Distilleries - Consumer Staples,No
12,13,2021,BRKH,2021.0,Shell Companies - Financials,Yes
12,13,2021,ALSA,2021.0,Shell Companies - Financials,Yes
12,10,2021,GFGD,2021.0,Shell Companies - Financials,Yes
12,10,2021,PORT,2021.0,Shell Companies - Financials,Yes
12,10,2021,XPDB,2021.0,Shell Companies - Financials,Yes
12,10,2021,FRBN,2021.0,Shell Companies - Financials,Yes
12,10,2021,ATEK,2021.0,Shell Companies - Financials,Yes
12,10,2021,TCOA,2021.0,Shell Companies - Financials,Yes
12,10,2021,HAIA,2021.0,Shell Companies - Financials,Yes
12,10,2021,FXCO,2020.0,Shell Companies - Financials,Yes
12,09,2021,NU,2013.0,Banks - Diversified - Financials,No
12,09,2021,HCP,2012.0,Software - Infrastructure - Technology,No
12,09,2021,HORI,2021.0,Shell Companies - Financials,No
12,09,2021,SCUA,2021.0,Shell Companies - Financials,Yes
12,09,2021,RJAC,2021.0,Shell Companies - Financials,Yes
12,09,2021,GGAA,2021.0,Shell Companies - Financials,Yes
12,09,2021,TGAA,2021.0,Shell Companies - Financials,Yes
12,09,2021,WEL,2021.0,Shell Companies - Financials,Yes
12,09,2021,IGTA,2021.0,Shell Companies - Financials,Yes
12,09,2021,NRSN,2017.0,Biotechnology - Healthcare,No
12,08,2021,REFI,2021.0,REIT - Mortgage - Real Estate,No
12,08,2021,CING,2012.0,Biotechnology - Healthcare,No
12,07,2021,MTVC,2021.0,Shell Companies - Financials,No
12,07,2021,DAOO,2021.0,Blank Check / SPAC - Blank Check / SPAC,Yes
12,07,2021,APXI,2021.0,Shell Companies - Financials,Yes
12,07,2021,JWAC,2021.0,Shell Companies - Financials,Yes
12,07,2021,GLLI,2021.0,Shell Companies - Financials,No
12,03,2021,STET,2021.0,Shell Companies - Financials,No
12,03,2021,BPAC,2021.0,Shell Companies - Financials,Yes
12,03,2021,BOCN,2021.0,Shell Companies - Financials,Yes
12,03,2021,BIOS,2021.0,Shell Companies - Financials,Yes
12,02,2021,UTAA,2021.0,Shell Companies - Financials,Yes
12,02,2021,GEEX,2021.0,Shell Companies - Financials,Yes
12,02,2021,ROC,2021.0,Shell Companies - Financials,Yes
12,01,2021,TLGY,2021.0,Shell Companies - Financials,Yes
12,01,2021,PACI,2021.0,Shell Companies - Financials,Yes
12,01,2021,CMCA,2021.0,Shell Companies - Financials,Yes
12,01,2021,ROCL,2020.0,Shell Companies - Financials,Yes
11,30,2021,CNGL,2021.0,Shell Companies - Financials,Yes
11,24,2021,MNTN,2021.0,Shell Companies - Financials,Yes
11,24,2021,BRD,2021.0,Shell Companies - Financials,Yes
11,24,2021,MKUL,2011.0,Pollution & Treatment Controls - Industrials,No
11,23,2021,VHNA,2021.0,Shell Companies - Financials,Yes
11,23,2021,MAAQ,2021.0,,
11,22,2021,LGTO,2021.0,Shell Companies - Financials,No
11,22,2021,LAX,2021.0,,
11,19,2021,ZING,2020.0,Shell Companies - Financials,Yes
11,19,2021,NFNT,2021.0,Shell Companies - Financials,Yes
11,19,2021,IFIN,2021.0,Shell Companies - Financials,Yes
11,19,2021,FINW,1999.0,Banks - Regional - Financials,No
11,19,2021,ALOR,2021.0,Shell Companies - Financials,Yes
11,19,2021,LITM,2018.0,Other Industrial Metals & Mining - Materials,No
11,19,2021,AHI,2013.0,Software - Application - Technology,No
11,19,2021,CREEF,2021.0,Shell Companies - Financials,Yes
11,18,2021,SG,2007.0,Restaurants - Consumer Discretionary,No
11,18,2021,BLEU,2021.0,Shell Companies - Financials,No
11,18,2021,ARIZ,2021.0,Shell Companies - Financials,Yes
11,17,2021,BRZE,2011.0,Software - Application - Technology,No
11,17,2021,USER,2007.0,Software - Application - Technology,No
11,17,2021,IREN,2018.0,Capital Markets - Financials,No
11,17,2021,NETC,2021.0,Shell Companies - Financials,No
11,17,2021,SUAC,2021.0,Shell Companies - Financials,Yes
11,17,2021,LFAC,2021.0,Shell Companies - Financials,Yes
11,17,2021,SGII,2021.0,Shell Companies - Financials,Yes
11,17,2021,SEVCQ,2016.0,Auto Manufacturers - Consumer Discretionary,No
11,16,2021,ENCP,2021.0,Shell Companies - Financials,No
11,12,2021,IRRX,2021.0,Shell Companies - Financials,Yes
11,12,2021,MYNA,2009.0,Communication Equipment - Technology,No
11,12,2021,DERM,2014.0,Drug Manufacturers - Specialty & Generic - Healthcare,No
11,12,2021,MCAG,2021.0,Shell Companies - Financials,Yes
11,12,2021,BTBD,1987.0,Restaurants - Consumer Discretionary,No
11,11,2021,WEAV,2011.0,Software - Application - Technology,No
11,11,2021,VMGA,2021.0,Shell Companies - Financials,Yes
11,11,2021,BLZE,2007.0,Software - Infrastructure - Technology,No
11,11,2021,VAXX,2019.0,Biotechnology - Healthcare,No
11,11,2021,LGVC,2021.0,Shell Companies - Financials,Yes
11,11,2021,LVLU,1996.0,Apparel Retail - Consumer Discretionary,No
11,11,2021,BEAT,2015.0,Health Information Services - Healthcare,No
11,11,2021,PIK,2016.0,Internet Retail - Consumer Discretionary,No
11,11,2021,TIVC,2016.0,Medical Devices - Healthcare,No
11,11,2021,WBEV,2012.0,Beverages-Wineries & Distilleries - Consumer Defensive,No
11,10,2021,RIVN,2009.0,Auto Manufacturers - Consumer Discretionary,No
11,10,2021,CINT,1995.0,Software - Infrastructure - Technology,No
11,10,2021,ACDI,2021.0,Shell Companies - Financials,Yes
11,10,2021,EXFY,2008.0,Software - Application - Technology,No
11,10,2021,RCFA,2021.0,Shell Companies - Financials,Yes
11,10,2021,BCSA,2021.0,Shell Companies - Financials,Yes
11,10,2021,CBRG,2021.0,Shell Companies - Financials,No
11,10,2021,BJDX,2015.0,Medical Devices - Healthcare,No
11,10,2021,AFAC,,,
11,09,2021,GVCI,2021.0,Shell Companies - Financials,Yes
11,09,2021,TCBX,2008.0,Banks - Regional - Financials,No
11,09,2021,APNC,2020.0,Shell Companies - Financials,No
11,09,2021,DPCS,2021.0,Shell Companies - Financials,Yes
11,09,2021,OLIT,2021.0,Shell Companies - Financials,Yes
11,09,2021,SWAG,1994.0,Shell Companies - Financials,No
11,09,2021,SOPA,2018.0,Software - Application - Technology,No
11,09,2021,HTAQ,,,
11,05,2021,RRAC,2021.0,Shell Companies - Financials,Yes
11,05,2021,SVNA,2021.0,Shell Companies - Financials,Yes
11,05,2021,CIAN,2001.0,Real Estate Services - Real Estate,No
11,05,2021,MCAA,2021.0,Shell Companies - Financials,Yes
11,05,2021,NPAB,2020.0,Shell Companies - Financials,Yes
11,05,2021,RGF,2016.0,Packaged Foods - Consumer Staples,No
11,05,2021,IOBT,2014.0,Biotechnology - Healthcare,No
11,05,2021,IQMD,2021.0,Shell Companies - Financials,Yes
11,05,2021,MYNZ,2021.0,Diagnostics & Research - Healthcare,No
11,04,2021,EVO,1993.0,Drug Manufacturers - Specialty & Generic - Healthcare,No
11,04,2021,ARHS,1986.0,Home Improvement Retail - Consumer Discretionary,No
11,04,2021,CDRE,2012.0,Aerospace & Defense - Industrials,No
11,04,2021,NRDS,2009.0,Credit Services - Financials,No
11,04,2021,SHCA,2021.0,Blank Check / SPAC - Blank Check / SPAC,Yes
11,04,2021,LGST,2021.0,Shell Companies - Financials,Yes
11,04,2021,TOAC,2021.0,Shell Companies - Financials,Yes
11,04,2021,CNDB,2021.0,Shell Companies - Financials,Yes
11,04,2021,JUN,2020.0,Shell Companies - Financials,No
11,04,2021,MPRA,2021.0,Shell Companies - Financials,Yes
11,04,2021,SZZL,2020.0,Shell Companies - Financials,Yes
11,04,2021,LION,2021.0,Shell Companies - Financials,Yes
11,04,2021,FNVT,2021.0,Shell Companies - Financials,Yes
11,04,2021,MDXH,2003.0,Diagnostics & Research - Healthcare,No
11,04,2021,DHAC,2021.0,Shell Companies - Financials,Yes
11,03,2021,CMTG,2015.0,REIT - Mortgage - Real Estate,No
11,03,2021,TRAQ,2021.0,Shell Companies - Financials,Yes
11,03,2021,MLAI,2021.0,Shell Companies - Financials,Yes
11,03,2021,BIRD,2015.0,Apparel Retail - Consumer Discretionary,No
11,03,2021,ONYX,2021.0,Shell Companies - Financials,Yes
11,03,2021,FRLA,2021.0,Shell Companies - Financials,Yes
11,03,2021,INTE,2021.0,Shell Companies - Financials,Yes
11,03,2021,TGVC,2021.0,Shell Companies - Financials,Yes
11,01,2021,LIAN,2019.0,Biotechnology - Healthcare,No
11,01,2021,LIBY,2021.0,Shell Companies - Financials,Yes
11,01,2021,VSAC,2021.0,Shell Companies - Financials,Yes
10,29,2021,UDMY,2009.0,Education & Training Services - Consumer Staples,No
10,29,2021,HRT,1995.0,Staffing & Employment Services - Industrials,No
10,29,2021,TRDA,2016.0,Biotechnology - Healthcare,No
10,29,2021,AIRS,2012.0,Medical Care Facilities - Healthcare,No
10,29,2021,AURA,2007.0,Biotechnology - Healthcare,No
10,29,2021,SEDA,2021.0,Shell Companies - Financials,Yes
10,29,2021,ARCK,2021.0,Shell Companies - Financials,No
10,29,2021,PEGR,2021.0,Shell Companies - Financials,Yes
10,29,2021,AEAE,2021.0,Shell Companies - Financials,Yes
10,29,2021,CCTS,2021.0,Shell Companies - Financials,Yes
10,29,2021,SONX,2006.0,Medical Devices - Healthcare,No
10,29,2021,BFRI,1997.0,Drug Manufacturers - Specialty & Generic - Healthcare,No
10,28,2021,GFS,2009.0,Semiconductors - Technology,No
10,28,2021,FLNC,2018.0,Utilities - Renewable - Utilities,No
10,28,2021,ADAL,2021.0,Shell Companies - Financials,Yes
10,28,2021,DTC,2011.0,Internet Retail - Consumer Discretionary,No
10,28,2021,SCMA,2021.0,Shell Companies - Financials,Yes
10,28,2021,FIAC,2021.0,Shell Companies - Financials,Yes
10,28,2021,PCCT,2021.0,Shell Companies - Financials,No
10,27,2021,INFA,1993.0,Software - Infrastructure - Technology,No
10,27,2021,AIP,2003.0,Semiconductors - Technology,No
10,27,2021,PHYT,2021.0,Shell Companies - Financials,Yes
10,27,2021,LVAC,2021.0,Shell Companies - Financials,Yes
10,27,2021,IOAC,2021.0,Shell Companies - Financials,Yes
10,27,2021,USCT,2021.0,Shell Companies - Financials,Yes
10,27,2021,OHAA,2020.0,Shell Companies - Financials,Yes
10,27,2021,RENT,2009.0,Apparel Retail - Consumer Discretionary,No
10,27,2021,DMAQ,2020.0,Shell Companies - Financials,Yes
10,27,2021,MRAI,2019.0,Healthcare Plans - Healthcare,No
10,22,2021,ARIS,,Utilities - Regulated Water - Utilities,No
10,22,2021,MBSC,2021.0,Shell Companies - Financials,Yes
10,22,2021,ICNC,2021.0,Shell Companies - Financials,Yes
10,22,2021,PGSS,2021.0,Shell Companies - Financials,Yes
10,22,2021,XLO,2016.0,Biotechnology - Healthcare,No
10,22,2021,UTRS,2008.0,Health Information Services - Healthcare,No
10,21,2021,VTYX,2018.0,Biotechnology - Healthcare,No
10,21,2021,COCO,2004.0,Beverages - Non-Alcoholic - Consumer Staples,No
10,21,2021,PX,1992.0,Asset Management - Financials,No
10,21,2021,PTLO,1963.0,Restaurants - Consumer Discretionary,No
10,21,2021,ENFN,1998.0,Software - Application - Technology,No
10,21,2021,RWAY,2015.0,Credit Services - Financials,No
10,21,2021,GOGN,2021.0,Shell Companies - Financials,No
10,21,2021,NHIC,2021.0,Shell Companies - Financials,No
10,21,2021,THAC,2021.0,Shell Companies - Financials,Yes
10,21,2021,XFIN,2021.0,Shell Companies - Financials,Yes
10,21,2021,ENER,2021.0,Shell Companies - Financials,Yes
10,21,2021,GTAC,2021.0,Shell Companies - Financials,Yes
10,20,2021,ACAQ,2021.0,Shell Companies - Financials,Yes
10,20,2021,WWAC,2021.0,Shell Companies - Financials,Yes
10,20,2021,ESAC,2021.0,Shell Companies - Financials,Yes
10,20,2021,NCAC,2021.0,Shell Companies - Financials,Yes
10,20,2021,SDIG,2021.0,Capital Markets - Financials,No
10,20,2021,CYN,2013.0,Software - Application - Technology,No
10,20,2021,CNTX,2015.0,Biotechnology - Healthcare,No
10,20,2021,AXH,2021.0,Shell Companies - Financial Services,
10,19,2021,ENTF,2021.0,Shell Companies - Financials,Yes
10,19,2021,FEXD,2021.0,Shell Companies - Financials,No
10,19,2021,SMAP,2021.0,Shell Companies - Financials,Yes
10,19,2021,BMAQ,2021.0,Shell Companies - Financials,Yes
10,15,2021,FNA,2010.0,Medical Devices - Healthcare,No
10,15,2021,CDAQ,2021.0,Shell Companies - Financials,Yes
10,15,2021,PEPL,2021.0,Shell Companies - Financials,Yes
10,15,2021,INKT,2017.0,Biotechnology - Healthcare,No
10,15,2021,AVHI,2021.0,Shell Companies - Financials,No
10,15,2021,SANB,,,
10,15,2021,FOUN,2021.0,Capital Markets - Financial,
10,14,2021,GTLB,2011.0,Software - Application - Technology,No
10,14,2021,IHS,2001.0,Telecom Services - Communication Services,No
10,14,2021,TRIS,2021.0,Shell Companies - Financials,Yes
10,14,2021,BMAC,2021.0,Shell Companies - Financials,Yes
10,14,2021,LUCD,2018.0,Medical Devices - Healthcare,No
10,14,2021,ROSE,2021.0,Shell Companies - Financials,Yes
10,13,2021,AVDX,2000.0,Software - Infrastructure - Technology,No
10,13,2021,FATP,2021.0,Shell Companies - Financials,Yes
10,13,2021,HCTI,2020.0,Health Information Services - Healthcare,No
10,12,2021,GIAC,2021.0,Shell Companies - Financials,Yes
10,08,2021,LCW,2021.0,Shell Companies - Financials,No
10,08,2021,JMAC,2021.0,Shell Companies - Financials,Yes
10,08,2021,SAMA,2020.0,Shell Companies - Financials,Yes
10,08,2021,HWKZ,2021.0,Shell Companies - Financials,Yes
10,08,2021,CGTX,2007.0,Biotechnology - Healthcare,No
10,08,2021,ISO,2013.0,Medical Devices - Healthcare,No
10,07,2021,LTH,1992.0,Leisure - Consumer Discretionary,No
10,07,2021,TCN,1988.0,Real Estate Services - Real Estate,No
10,07,2021,THRX,2017.0,Biotechnology - Healthcare,No
10,07,2021,IXAQ,2021.0,Shell Companies - Financials,Yes
10,06,2021,NVEI,2003.0,Software - Infrastructure - Technology,No
10,06,2021,NFYS,2021.0,Shell Companies - Financials,Yes
10,06,2021,AVAC,2020.0,Shell Companies - Financials,Yes
10,06,2021,PBAX,2021.0,Shell Companies - Financials,Yes
10,06,2021,VLCN,2020.0,Auto Manufacturers - Consumer Discretionary,No
10,06,2021,PCX,,,
10,05,2021,BHAC,2021.0,Shell Companies - Financials,Yes
10,05,2021,RNER,2021.0,Shell Companies - Financials,Yes
10,01,2021,FWRG,1983.0,Restaurants - Consumer Discretionary,No
10,01,2021,TDCX,1995.0,Specialty Business Services - Industrials,No
10,01,2021,EXAI,2012.0,Biotechnology - Healthcare,No
10,01,2021,DMYS,2021.0,Shell Companies - Financials,No
10,01,2021,GATE,2020.0,Shell Companies - Financials,Yes
10,01,2021,PYXS,2018.0,Biotechnology - Healthcare,No
10,01,2021,MTRY,2020.0,Shell Companies - Financials,Yes
09,30,2021,OLPX,2014.0,Specialty Retail - Consumer Discretionary,No
09,30,2021,HPLT,2021.0,Shell Companies - Financials,Yes
09,30,2021,ARTE,2021.0,Shell Companies - Financials,No
09,29,2021,WRBY,2010.0,Medical Instruments & Supplies - Healthcare,No
09,29,2021,HCVI,2021.0,Shell Companies - Financials,No
09,29,2021,MEKA,2021.0,Shell Companies - Financials,No
09,28,2021,AMPL,2012.0,Software - Application - Technology,No
09,28,2021,PRBM,2021.0,Shell Companies - Financials,Yes
09,28,2021,BACA,2021.0,Shell Companies - Financials,Yes
09,24,2021,CWAN,2004.0,Software - Application - Technology,No
09,24,2021,DSAQ,2021.0,Shell Companies - Financials,Yes
09,24,2021,GIA,2021.0,Shell Companies - Financials,No
09,24,2021,HLTH,2010.0,Health Information Services - Healthcare,No
09,23,2021,RELY,2011.0,Software - Infrastructure - Technology,No
09,23,2021,ESMT,2009.0,Software - Infrastructure - Technology,No
09,23,2021,SOVO,2016.0,Packaged Foods - Consumer Staples,No
09,23,2021,STER,1975.0,Software - Infrastructure - Technology,No
09,23,2021,THRN,1984.0,Packaged Foods - Consumer Staples,No
09,23,2021,BRLT,2005.0,Luxury Goods - Consumer Discretionary,No
09,23,2021,LOCC,2021.0,Shell Companies - Financials,Yes
09,23,2021,ARBK,2017.0,Capital Markets - Financials,No
09,22,2021,TOST,2012.0,Software - Infrastructure - Technology,No
09,22,2021,FRSH,2010.0,Software - Application - Technology,No
09,22,2021,IPAX,2021.0,Shell Companies - Financials,Yes
09,22,2021,ARGU,2021.0,Shell Companies - Financial Services,No
09,22,2021,VBNK,1980.0,Banks - Regional - Financials,No
09,22,2021,AKA,2018.0,Internet Retail - Consumer Discretionary,No
09,21,2021,HHGC,2020.0,Shell Companies - Financials,No
09,16,2021,ACT,1981.0,Insurance - Specialty - Financials,No
09,16,2021,FORG,2010.0,Software - Infrastructure - Technology,No
09,16,2021,FLYA,2021.0,Blank Check / SPAC - Blank Check / SPAC,Yes
09,15,2021,ONON,2010.0,Apparel Retail - Consumer Discretionary,No
09,15,2021,BROS,1992.0,Restaurants - Consumer Discretionary,No
09,15,2021,DICE,2013.0,Biotechnology - Healthcare,No
09,15,2021,PRCT,2009.0,Medical Devices - Healthcare,No
09,15,2021,TWKS,1993.0,Information Technology Services - Technology,No
09,15,2021,DH,2011.0,Health Information Services - Healthcare,No
09,15,2021,TYRA,2018.0,Biotechnology - Healthcare,No
09,15,2021,CIIG,2021.0,Shell Companies - Financials,No
09,15,2021,AEHA,2021.0,Shell Companies - Financials,Yes
09,15,2021,WINV,2021.0,Shell Companies - Financials,Yes
09,15,2021,EZFL,2019.0,Software - Application - Technology,No
09,15,2021,KTTA,2020.0,Biotechnology - Healthcare,No
09,15,2021,SIER,,,
09,15,2021,EDNC,2021.0,,
09,14,2021,SRAD,2001.0,Software - Application - Technology,No
09,14,2021,PAFO,2021.0,Blank Check / SPAC - Blank Check / SPAC,Yes
09,10,2021,SLVR,2021.0,Shell Companies - Financials,No
09,10,2021,FLAG,2021.0,Shell Companies - Financials,Yes
09,10,2021,FHLT,2021.0,Shell Companies - Financials,No
09,10,2021,BNIX,2021.0,Shell Companies - Financials,Yes
09,08,2021,BNNR,2021.0,Shell Companies - Financials,Yes
09,03,2021,DWAC,2020.0,Shell Companies - Financials,Yes
09,03,2021,OXUS,2021.0,Shell Companies - Financials,Yes
09,02,2021,INAQ,2021.0,Shell Companies - Financials,Yes
09,02,2021,DTRT,2021.0,Shell Companies - Financials,Yes
09,02,2021,GIPR,2015.0,REIT - Diversified - Real Estate,No
09,01,2021,CNDA,2021.0,Shell Companies - Financials,Yes
08,31,2021,DDI,2008.0,Electronic Gaming & Multimedia - Communication Services,No
08,31,2021,REVE,2021.0,Shell Companies - Financials,Yes
08,31,2021,CHWA,2021.0,,
08,27,2021,SQL,2014.0,Diagnostics & Research - Healthcare,No
08,26,2021,MEOA,2021.0,Shell Companies - Financials,Yes
08,26,2021,SWSS,2020.0,Shell Companies - Financials,No
08,26,2021,CCAI,2021.0,Shell Companies - Financials,Yes
08,26,2021,RNXT,2012.0,Biotechnology - Healthcare,No
08,20,2021,WAVC,2021.0,Shell Companies - Financials,Yes
08,13,2021,KCGI,2021.0,Shell Companies - Financials,Yes
08,13,2021,CENQ,2020.0,Shell Companies - Financials,No
08,13,2021,APMI,2021.0,Shell Companies - Financials,Yes
08,13,2021,AACI,2020.0,Shell Companies - Financials,Yes
08,13,2021,JAQC,2020.0,Shell Companies - Financials,Yes
08,13,2021,DATS,2014.0,Software - Application - Technology,No
08,13,2021,DRMA,2014.0,Biotechnology - Healthcare,No
08,12,2021,AFTR,2021.0,Shell Companies - Financials,Yes
08,12,2021,SSBK,2007.0,Banks - Regional - Financials,No
08,12,2021,OXAC,2021.0,Shell Companies - Financials,Yes
08,12,2021,PPHP,2021.0,Shell Companies - Financials,Yes
08,11,2021,DCRD,2021.0,Shell Companies - Financials,Yes
08,11,2021,WQGA,2021.0,Shell Companies - Financials,Yes
08,11,2021,TPBA,2021.0,Shell Companies - Financials,Yes
08,11,2021,PONO,2021.0,Shell Companies - Financials,No
08,11,2021,VCXA,2021.0,Shell Companies - Financials,Yes
08,11,2021,CNTQ,2020.0,,
08,10,2021,CPAA,2021.0,Shell Companies - Financials,Yes
08,10,2021,ELYM,2018.0,Biotechnology - Healthcare,No
08,10,2021,ASPA,2021.0,Shell Companies - Financials,No
08,10,2021,AHPA,2021.0,,
08,06,2021,IVVD,2020.0,Biotechnology - Healthcare,No
08,06,2021,ROCG,2019.0,Shell Companies - Financials,Yes
08,06,2021,NOVV,2021.0,Shell Companies - Financials,Yes
08,06,2021,RVAC,2021.0,,
08,05,2021,WEBR,1893.0,"Furnishings, Fixtures & Appliances - Consumer Discretionary",No
08,05,2021,EWCZ,2004.0,Household & Personal Products - Consumer Staples,No
08,05,2021,GLEE,2021.0,,
08,04,2021,BWC,2021.0,Shell Companies - Financials,Yes
08,04,2021,AMCI,2021.0,Shell Companies - Financials,Yes
08,03,2021,HWEL,2021.0,Shell Companies - Financials,Yes
07,30,2021,DOLE,1851.0,Farm Products - Consumer Staples,No
07,30,2021,RXST,1997.0,Medical Devices - Healthcare,No
07,30,2021,MXCT,1999.0,Medical Devices - Healthcare,No
07,30,2021,IMRX,2008.0,Biotechnology - Healthcare,No
07,30,2021,TNYA,2016.0,Biotechnology - Healthcare,No
07,30,2021,RANI,2012.0,Biotechnology - Healthcare,No
07,30,2021,OMGA,2017.0,Biotechnology - Healthcare,No
07,30,2021,ZLS,2021.0,Shell Companies - Financials,Yes
07,30,2021,INAB,,Biotechnology - Healthcare,No
07,29,2021,HOOD,2013.0,Software - Infrastructure - Technology,No
07,29,2021,NUVL,2017.0,Biotechnology - Healthcare,No
07,29,2021,RSKD,2012.0,Software - Application - Technology,No
07,29,2021,MTAL,2021.0,Shell Companies - Financials,Yes
07,29,2021,COOK,1985.0,"Furnishings, Fixtures & Appliances - Consumer Discretionary",No
07,29,2021,ICVX,2017.0,Biotechnology - Healthcare,No
07,29,2021,RLYB,2018.0,Biotechnology - Healthcare,No
07,29,2021,IMAQ,2021.0,Shell Companies - Financials,Yes
07,29,2021,SWAG,,,
07,28,2021,DUOL,2011.0,Software - Application - Technology,No
07,28,2021,PWSC,1997.0,Software - Application - Technology,No
07,28,2021,MLNK,1998.0,Software - Application - Technology,No
07,28,2021,SNPO,2017.0,Electronics & Computer Distribution - Technology,No
07,28,2021,DALS,2021.0,Shell Companies - Financials,Yes
07,28,2021,APTM,2021.0,Shell Companies - Financials,No
07,28,2021,SEPA,2021.0,Shell Companies - Financials,Yes
07,27,2021,ALPA,2021.0,Shell Companies - Financials,Yes
07,27,2021,WRAC,2021.0,Shell Companies - Financials,Yes
07,27,2021,CADL,1999.0,Biotechnology - Healthcare,No
07,23,2021,CNM,1996.0,Industrial Distribution - Industrials,No
07,23,2021,CTKB,1990.0,Medical Devices - Healthcare,No
07,23,2021,XPOF,2017.0,Leisure - Consumer Discretionary,No
07,23,2021,GAMB,2006.0,Gambling - Consumer Discretionary,No
07,23,2021,CRBU,2011.0,Biotechnology - Healthcare,No
07,23,2021,OB,2006.0,Internet Content & Information - Communication Services,No
07,23,2021,USCB,2002.0,Banks - Regional - Financials,No
07,23,2021,SOPH,2011.0,Health Information Services - Healthcare,No
07,23,2021,BLNG,2020.0,Shell Companies - Financials,Yes
07,22,2021,RYAN,2010.0,Insurance - Specialty - Financials,No
07,22,2021,INST,2008.0,Software - Application - Technology,No
07,22,2021,BASE,2011.0,Software - Infrastructure - Technology,No
07,22,2021,ZVIA,2007.0,Beverages - Non-Alcoholic - Consumer Staples,No
07,22,2021,ABSI,2011.0,Biotechnology - Healthcare,No
07,22,2021,ZENV,2005.0,Software - Infrastructure - Technology,No
07,21,2021,PYCR,1990.0,Software - Application - Technology,No
07,21,2021,VTEX,1999.0,Software - Application - Technology,No
07,21,2021,LAW,2013.0,Software - Application - Technology,No
07,21,2021,KLTR,2006.0,Software - Infrastructure - Technology,No
07,21,2021,PFTA,2021.0,Shell Companies - Financials,Yes
07,21,2021,VEEE,1994.0,Recreational Vehicles - Consumer Discretionary,No
07,20,2021,TRTL,2021.0,Shell Companies - Financials,Yes
07,20,2021,HCWB,2018.0,Biotechnology - Healthcare,No
07,20,2021,CLOE,2021.0,Shell Companies - Financials,No
07,20,2021,CLAY,2021.0,Shell Companies - Financials,Yes
07,16,2021,STVN,1949.0,Medical Instruments & Supplies - Healthcare,No
07,16,2021,IMGO,2012.0,Biotechnology - Healthcare,No
07,16,2021,BRDG,2009.0,Asset Management - Financials,No
07,16,2021,ERAS,2018.0,Biotechnology - Healthcare,No
07,16,2021,BLND,2012.0,Software - Application - Technology,No
07,16,2021,TWCB,2021.0,Shell Companies - Financials,Yes
07,16,2021,BSAQ,2021.0,Shell Companies - Financials,Yes
07,16,2021,RGC,2014.0,Drug Manufacturers - Specialty & Generic - Healthcare,No
07,16,2021,TCRX,2018.0,Biotechnology - Healthcare,No
07,16,2021,APAC,2021.0,Shell Companies - Financials,Yes
07,15,2021,PECO,1991.0,REIT - Retail - Real Estate,No
07,15,2021,SHCO,1995.0,Lodging - Consumer Discretionary,No
07,15,2021,SGHT,2011.0,Medical Devices - Healthcare,No
07,15,2021,SERA,2008.0,Diagnostics & Research - Healthcare,No
07,15,2021,RPID,2006.0,Medical Devices - Healthcare,No
07,15,2021,UPTD,2021.0,Shell Companies - Financials,Yes
07,15,2021,FXLV,2013.0,Leisure - Consumer Discretionary,No
07,15,2021,CLAQ,2020.0,,
07,14,2021,JATT,2021.0,Shell Companies - Financials,Yes
07,14,2021,IINN,2018.0,Medical Devices - Healthcare,No
07,13,2021,ARYE,2021.0,Shell Companies - Financials,Yes
07,13,2021,UNCY,2016.0,Biotechnology - Healthcare,No
07,12,2021,GWII,2020.0,Shell Companies - Financials,Yes
07,09,2021,GLTA,2021.0,Shell Companies - Financials,Yes
07,09,2021,ACRO,2020.0,Shell Companies - Financials,Yes
07,09,2021,SNTG,2009.0,Credit Services - Financials,No
07,09,2021,RNAZ,2016.0,Biotechnology - Healthcare,No
07,08,2021,ALCC,2021.0,Shell Companies - Financials,Yes
07,08,2021,MITQ,,Communication Equipment - Technology,No
07,08,2021,AGRI,2017.0,Farm Products - Consumer Staples,No
07,08,2021,RICO,2020.0,,
07,02,2021,NYXH,2009.0,Medical Instruments & Supplies - Healthcare,No
07,01,2021,DNUT,1937.0,Grocery Stores - Consumer Staples,No
07,01,2021,EVCM,2006.0,Software - Infrastructure - Technology,No
07,01,2021,HEPS,2000.0,Internet Retail - Consumer Discretionary,No
07,01,2021,DRAY,2021.0,Blank Check / SPAC - Blank Check / SPAC,Yes
07,01,2021,CORS,2020.0,Shell Companies - Financials,No
07,01,2021,ABOS,1996.0,Biotechnology - Healthcare,No
07,01,2021,CURV,2001.0,Apparel Retail - Consumer Discretionary,No
07,01,2021,FICV,2021.0,Shell Companies - Financials,No
07,01,2021,VRAR,2016.0,Software - Infrastructure - Technology,No
07,01,2021,WAVE,2011.0,Utilities - Renewable - Utilities,No
07,01,2021,GGGV,2021.0,,
06,30,2021,DIDIY,2012.0,Software - Application - Technology,No
06,30,2021,S,2013.0,Software - Infrastructure - Technology,No
06,30,2021,YOU,2010.0,Software - Application - Technology,No
06,30,2021,INTA,2000.0,Software - Application - Technology,No
06,30,2021,LZ,2001.0,Specialty Business Services - Industrials,No
06,30,2021,IAS,2009.0,Advertising Agencies - Communication Services,No
06,30,2021,XMTR,2013.0,Specialty Industrial Machinery - Industrials,No
06,30,2021,AVTE,2018.0,Biotechnology - Healthcare,No
06,30,2021,DNAB,2021.0,Shell Companies - Financials,No
06,30,2021,DNAD,2021.0,Shell Companies - Financials,No
06,30,2021,CVRX,2000.0,Medical Devices - Healthcare,No
06,30,2021,SHQA,2020.0,Blank Check / SPAC - Blank Check / SPAC,Yes
06,30,2021,THCP,2021.0,Shell Companies - Financials,No
06,30,2021,MCAF,2021.0,Shell Companies - Financials,Yes
06,30,2021,CPOP,2007.0,Entertainment - Communication Services,No
06,30,2021,DNAC,,,
06,30,2021,DNAA,2021.0,Health Care Technology - Healthcare,
06,29,2021,EOCW,2021.0,Shell Companies - Financials,No
06,29,2021,DDL,2014.0,Grocery Stores - Consumer Staples,No
06,29,2021,GOBI,2021.0,Blank Check / SPAC - Blank Check / SPAC,Yes
06,25,2021,MCW,1996.0,Personal Services - Consumer Discretionary,No
06,25,2021,GHRS,2018.0,Biotechnology - Healthcare,No
06,25,2021,GRPH,2019.0,Biotechnology - Healthcare,No
06,25,2021,TKNO,1996.0,Drug Manufacturers - Specialty & Generic - Healthcare,No
06,25,2021,ELEV,2019.0,Biotechnology - Healthcare,No
06,25,2021,ACXP,2017.0,Biotechnology - Healthcare,No
06,25,2021,MF,2014.0,Grocery Stores - Consumer Staples,No
06,25,2021,GMVDF,2014.0,Medical Instruments & Supplies - Healthcare,No
06,24,2021,CFLT,2014.0,Software - Infrastructure - Technology,No
06,24,2021,DOCS,2010.0,Health Information Services - Healthcare,No
06,24,2021,FTVI,2020.0,Blank Check / SPAC - Blank Check / SPAC,Yes
06,24,2021,GLUE,2019.0,Biotechnology - Healthcare,No
06,24,2021,BHG,2015.0,Healthcare Plans - Healthcare,No
06,24,2021,MIRO,2009.0,Biotechnology - Healthcare,No
06,24,2021,UPXI,2018.0,Internet Content & Information - Communication Services,No
06,24,2021,BON,2006.0,Packaged Foods - Consumer Staples,No
06,24,2021,NLIT,2021.0,,
06,23,2021,CXM,2009.0,Software - Application - Technology,No
06,23,2021,FA,2003.0,Specialty Business Services - Industrials,No
06,23,2021,MITA,2021.0,Shell Companies - Financials,Yes
06,22,2021,YMM,2011.0,Software - Application - Technology,No
06,22,2021,GPCO,2018.0,,
06,18,2021,AMAM,2003.0,Biotechnology - Healthcare,No
06,18,2021,RERE,2011.0,Internet Retail - Consumer Discretionary,No
06,18,2021,JUGG,2020.0,Shell Companies - Financials,Yes
06,18,2021,TRMR,2007.0,Advertising Agencies - Communication Services,No
06,18,2021,ATAI,2018.0,Biotechnology - Healthcare,No
06,18,2021,IPSC,2019.0,Biotechnology - Healthcare,No
06,18,2021,CYT,2012.0,Biotechnology - Healthcare,No
06,18,2021,TBIO,2013.0,Medical Devices - Healthcare,No
06,18,2021,FEMY,2004.0,Medical Instruments & Supplies - Healthcare,No
06,17,2021,VERV,2018.0,Biotechnology - Healthcare,No
06,17,2021,LYEL,2018.0,Biotechnology - Healthcare,No
06,17,2021,AOMR,2018.0,REIT - Mortgage - Real Estate,No
06,17,2021,TRON,2021.0,Shell Companies - Financials,Yes
06,17,2021,ISPC,2009.0,Diagnostics & Research - Healthcare,No
06,16,2021,CNVY,2001.0,Health Care Technology - Healthcare,No
06,16,2021,WKME,2011.0,Software - Application - Technology,No
06,16,2021,RONI,2021.0,Shell Companies - Financials,Yes
06,16,2021,ZT,2021.0,Shell Companies - Financials,Yes
06,16,2021,MOLN,2004.0,Biotechnology - Healthcare,No
06,15,2021,GSQB,2021.0,Shell Companies - Financials,No
06,15,2021,DILA,2020.0,Blank Check / SPAC - Blank Check / SPAC,Yes
06,15,2021,ALZN,2016.0,Biotechnology - Healthcare,No
06,11,2021,BZ,2013.0,Staffing & Employment Services - Industrials,No
06,11,2021,TASK,2008.0,Information Technology Services - Technology,No
06,11,2021,JANX,2017.0,Biotechnology - Healthcare,No
06,11,2021,LITT,2021.0,Shell Companies - Financials,No
06,11,2021,HCNE,2021.0,Shell Companies - Financials,Yes
06,11,2021,LAAA,2021.0,,
06,10,2021,MNDY,2012.0,Software - Application - Technology,No
06,10,2021,LFST,2015.0,Medical Care Facilities - Healthcare,No
06,10,2021,ZETA,2007.0,Software - Application - Technology,No
06,10,2021,DIBS,2000.0,Internet Retail - Consumer Discretionary,No
06,10,2021,BSGA,2021.0,Shell Companies - Financials,Yes
06,09,2021,MQ,2010.0,Software - Infrastructure - Technology,No
06,09,2021,SMIH,2020.0,Shell Companies - Financials,Yes
06,09,2021,CLBR,2021.0,Shell Companies - Financials,Yes
06,09,2021,GACQ,2020.0,Blank Check / SPAC - Blank Check / SPAC,Yes
06,09,2021,ISAA,2021.0,Shell Companies - Financial Services,No
06,08,2021,SPK,2020.0,Blank Check / SPAC - Blank Check / SPAC,Yes
06,08,2021,ZMENY,2014.0,Education & Training Services - Consumer Staples,No
06,03,2021,DLO,2013.0,Software - Infrastructure - Technology,No
05,28,2021,CNTA,2020.0,Biotechnology - Healthcare,No
05,28,2021,OTEC,2021.0,Shell Companies - Financials,Yes
05,27,2021,DAWN,2018.0,Biotechnology - Healthcare,No
05,27,2021,FIGS,2013.0,Apparel Manufacturing - Consumer Discretionary,No
05,27,2021,OMIC,2016.0,Medical Instruments & Supplies - Healthcare,No
05,26,2021,FLYW,2009.0,Information Technology Services - Technology,No
05,26,2021,PAY,2004.0,Information Technology Services - Technology,No
05,26,2021,ZIP,2010.0,Staffing & Employment Services - Industrials,No
05,26,2021,PSPC,2021.0,Shell Companies - Financials,No
05,26,2021,EGGF,2021.0,Shell Companies - Financials,Yes
05,26,2021,DYNS,,,
05,25,2021,FWAC,2021.0,Shell Companies - Financials,Yes
05,21,2021,GFOR,2021.0,Shell Companies - Financials,Yes
05,20,2021,PCOR,2003.0,Software - Application - Technology,No
05,20,2021,OTLY,1994.0,Beverages - Non-Alcoholic - Consumer Staples,No
05,19,2021,SQSP,2003.0,Software - Infrastructure - Technology,No
05,19,2021,SKYA,2021.0,Shell Companies - Financials,Yes
05,19,2021,GIW,2021.0,Shell Companies - Financial Services,No
05,19,2021,RAM,2021.0,Shell Companies - Financials,Yes
05,18,2021,CPAR,2021.0,Shell Companies - Financials,Yes
05,18,2021,POND,2021.0,Shell Companies - Financial Services,No
05,18,2021,MCAE,2021.0,Shell Companies - Financials,Yes
05,18,2021,JZXN,,Auto & Truck Dealerships - Consumer Discretionary,No
05,14,2021,VERA,2016.0,Biotechnology - Healthcare,No
05,14,2021,OSI,2020.0,Shell Companies - Financials,Yes
05,14,2021,EJH,2018.0,Personal Services - Consumer Discretionary,No
05,14,2021,DBGI,2012.0,Apparel Retail - Consumer Discretionary,No
05,14,2021,ARTA,,,
05,13,2021,ORIA,2021.0,Shell Companies - Financials,No
05,12,2021,GLBE,2013.0,Internet Retail - Consumer Discretionary,No
05,12,2021,SMWB,2007.0,Internet Content & Information - Communication Services,No
05,12,2021,IPW,2018.0,Internet Retail - Consumer Discretionary,No
05,11,2021,FLGC,2019.0,Drug Manufacturers - Specialty & Generic - Healthcare,No
05,07,2021,WDH,2016.0,Insurance - Diversified - Financials,No
05,07,2021,BWMN,1995.0,Consulting Services - Industrials,No
05,07,2021,BRIV,2020.0,Shell Companies - Financials,No
05,07,2021,TALS,1988.0,Biotechnology - Healthcare,No
05,07,2021,ANEB,2020.0,Biotechnology - Healthcare,No
05,07,2021,DKDCA,2021.0,Shell Companies - Financials,Yes
05,07,2021,OG,,,
05,06,2021,VALN,2012.0,Biotechnology - Healthcare,No
05,05,2021,FSBC,2002.0,Banks - Regional - Financials,No
05,05,2021,HNST,2012.0,Specialty Retail - Consumer Discretionary,No
05,05,2021,MAQC,2020.0,Shell Companies - Financials,Yes
05,04,2021,VLAT,2021.0,Shell Companies - Financials,Yes
05,04,2021,ALF,2020.0,Software-Infrastructure - Technology,
04,30,2021,HOWL,2017.0,Biotechnology - Healthcare,No
04,30,2021,VACC,2016.0,Biotechnology - Healthcare,No
04,30,2021,IACC,,,
04,29,2021,EDR,2009.0,Entertainment - Communication Services,No
04,29,2021,PRVA,2007.0,Health Information Services - Healthcare,No
04,29,2021,AVAH,1984.0,Medical Care Facilities - Healthcare,No
04,29,2021,BSKY,,,
04,29,2021,TUGC,,,
04,28,2021,FTCI,2017.0,Solar - Technology,No
04,23,2021,AGTI,1939.0,Health Information Services - Healthcare,No
04,23,2021,TMCI,2014.0,Medical Devices - Healthcare,No
04,23,2021,SWIM,1956.0,Building Products & Equipment - Industrials,No
04,23,2021,RAIN,2017.0,Biotechnology - Healthcare,No
04,23,2021,IMPL,2008.0,Biotechnology - Healthcare,No
04,22,2021,KNBE,2010.0,Software - Infrastructure - Technology,No
04,22,2021,NPCE,1997.0,Medical Devices - Healthcare,No
04,22,2021,ZY,2013.0,Specialty Chemicals - Basic Materials,
04,21,2021,PATH,2005.0,Software - Infrastructure - Technology,No
04,21,2021,DV,2008.0,Software - Application - Technology,No
04,21,2021,SKYT,1991.0,Semiconductors - Technology,No
04,20,2021,TRKA,2003.0,Advertising Agencies - Communication Services,No
04,20,2021,IFBD,2001.0,Software - Application - Technology,No
04,16,2021,RXRX,2013.0,Biotechnology - Healthcare,No
04,16,2021,BMEA,2017.0,Biotechnology - Healthcare,No
04,16,2021,AKYA,2015.0,Medical Instruments & Supplies - Healthcare,No
04,15,2021,APP,2012.0,Software - Application - Technology,No
04,15,2021,AGL,2016.0,Medical Care Facilities - Healthcare,No
04,15,2021,KRT,2000.0,Packaging & Containers - Consumer Discretionary,No
04,15,2021,TSP,2015.0,Trucking - Industrials,No
04,15,2021,EBET,2016.0,Gambling - Consumer Discretionary,No
04,14,2021,COIN,2012.0,Software - Application - Technology,No
04,14,2021,ALKT,2007.0,Software - Application - Technology,No
04,14,2021,YTPG,2021.0,Shell Companies - Financials,No
04,14,2021,TCVA,2021.0,Shell Companies - Financials,Yes
04,09,2021,VECT,2019.0,Biotechnology - Healthcare,No
04,09,2021,RPHM,2014.0,Biotechnology - Healthcare,No
04,09,2021,ADF,2020.0,Shell Companies - Financial Services,
04,09,2021,GLSPT,,,
04,09,2021,TPGS,,,
04,08,2021,TIOA,2021.0,Shell Companies - Financials,No
04,08,2021,MPAC,2021.0,Blank Check / SPAC - Blank Check / SPAC,Yes
04,07,2021,PANA,2021.0,Shell Companies - Financials,Yes
04,07,2021,CMLT,,,
04,06,2021,ACBA,2020.0,Shell Companies - Financials,Yes
04,06,2021,WTO,2008.0,Consumer Electronics - Technology,No
04,01,2021,COMP,2012.0,Software - Application - Technology,No
04,01,2021,ULCC,1994.0,Airlines - Industrials,No
04,01,2021,KARO,2001.0,Software - Application - Technology,No
04,01,2021,EM,2017.0,Personal Services - Consumer Discretionary,No
03,31,2021,COUR,2012.0,Education & Training Services - Consumer Staples,No
03,31,2021,MBTC,2020.0,Shell Companies - Financials,Yes
03,31,2021,ACHL,2016.0,Biotechnology - Healthcare,No
03,30,2021,TWOA,2021.0,Shell Companies - Financials,No
03,26,2021,ALHC,2013.0,Healthcare Plans - Healthcare,No
03,26,2021,ZH,2011.0,Internet Content & Information - Communication Services,No
03,26,2021,EWTX,2017.0,Biotechnology - Healthcare,No
03,26,2021,TDUP,2009.0,Internet Retail - Consumer Discretionary,No
03,26,2021,HYW,2006.0,Asset Management - Financials,No
03,26,2021,IKNA,2016.0,Biotechnology - Healthcare,No
03,26,2021,DSGN,2017.0,Biotechnology - Healthcare,No
03,25,2021,DSEY,1923.0,Personal Services - Consumer Discretionary,No
03,25,2021,CRCT,1969.0,Computer Hardware - Technology,No
03,25,2021,OLK,2004.0,Diagnostics & Research - Healthcare,No
03,25,2021,SEMR,2008.0,Software - Application - Technology,No
03,25,2021,VZIO,2002.0,Consumer Electronics - Technology,No
03,25,2021,MSDA,2021.0,Shell Companies - Financials,Yes
03,25,2021,LCA,2021.0,Shell Companies - Financials,No
03,25,2021,LVTX,2016.0,Biotechnology - Healthcare,No
03,25,2021,EEIQ,2017.0,Education & Training Services - Consumer Staples,No
03,24,2021,ACVA,2014.0,Auto & Truck Dealerships - Consumer Discretionary,No
03,24,2021,DOCN,2011.0,Software - Infrastructure - Technology,No
03,24,2021,KVSC,2021.0,Shell Companies - Financials,Yes
03,24,2021,CRZN,2021.0,Shell Companies - Financials,No
03,24,2021,NGC,2021.0,Shell Companies - Financials,Yes
03,24,2021,DISA,2020.0,Shell Companies - Financials,Yes
03,24,2021,KVSB,,,
03,24,2021,DCRC,,,
03,23,2021,DGNU,2020.0,Shell Companies - Financials,No
03,23,2021,LEGA,2020.0,Shell Companies - Financials,No
03,23,2021,STRE,2020.0,Shell Companies - Financials,Yes
03,23,2021,RKTA,2021.0,Shell Companies - Financials,No
03,23,2021,TBSA,2021.0,Shell Companies - Financials,Yes
03,23,2021,OPA,2021.0,Shell Companies - Financials,Yes
03,23,2021,NBST,2020.0,Shell Companies - Financials,Yes
03,23,2021,MOVE,2018.0,Medical Devices - Healthcare,No
03,23,2021,UPC,,Drug Manufacturers - Specialty & Generic - Healthcare,No
03,23,2021,ACTD,2021.0,Shell Companies - Financial Services,
03,23,2021,GLHA,,,
03,23,2021,GGPI,2020.0,Capital Markets - Financial,
03,23,2021,NGCA,,,
03,23,2021,VGII,2021.0,,
03,19,2021,LVRA,2021.0,Shell Companies - Financials,No
03,19,2021,LDHA,2020.0,Shell Companies - Financials,No
03,19,2021,AFAQ,2021.0,Blank Check / SPAC - Blank Check / SPAC,Yes
03,19,2021,AFCG,2020.0,REIT - Specialty - Real Estate,No
03,19,2021,BYTS,2021.0,Shell Companies - Financials,Yes
03,19,2021,TIL,2018.0,Biotechnology - Healthcare,No
03,19,2021,CNTB,2012.0,Biotechnology - Healthcare,No
03,19,2021,FNCH,2017.0,Biotechnology - Healthcare,No
03,19,2021,LGV,,,
03,19,2021,GGMC,,,
03,18,2021,NAPA,1976.0,Beverages - Wineries & Distilleries - Consumer Staples,No
03,18,2021,TUYA,2014.0,Software - Infrastructure - Technology,No
03,18,2021,GXII,2020.0,Shell Companies - Financials,Yes
03,18,2021,FMIV,2021.0,Shell Companies - Financials,No
03,18,2021,GANX,2017.0,Biotechnology - Healthcare,No
03,18,2021,AMAO,2021.0,Shell Companies - Financials,Yes
03,18,2021,AAQC,,,
03,18,2021,RACB,,,
03,18,2021,REVH,,,
03,18,2021,VEI,,Oil & Gas E&P - Energy,
03,17,2021,KAHC,2021.0,Blank Check / SPAC - Blank Check / SPAC,Yes
03,17,2021,OLO,2005.0,Software - Application - Technology,No
03,17,2021,SNCY,1982.0,Airlines - Industrials,No
03,17,2021,TETC,2017.0,Shell Companies - Financials,No
03,17,2021,BGSX,2020.0,Shell Companies - Financials,Yes
03,17,2021,KSI,2020.0,Shell Companies - Financials,No
03,17,2021,GAMC,2020.0,Shell Companies - Financials,No
03,17,2021,JWEL,2012.0,Internet Retail - Consumer Discretionary,No
03,17,2021,ATHN,2020.0,,
03,16,2021,WALD,1988.0,Software - Application - Technology,No
03,16,2021,EBAC,2021.0,Shell Companies - Financials,Yes
03,16,2021,PLMI,2021.0,Shell Companies - Financials,Yes
03,16,2021,FZT,2020.0,Shell Companies - Financials,Yes
03,16,2021,RTPY,,,
03,16,2021,FVIV,,,
03,12,2021,RXDX,2016.0,Biotechnology - Healthcare,No
03,12,2021,HAYW,1925.0,Electrical Equipment & Parts - Industrials,No
03,12,2021,FTPA,2020.0,Shell Companies - Financials,Yes
03,12,2021,ROSS,2021.0,Shell Companies - Financials,Yes
03,12,2021,LBPH,2020.0,Biotechnology - Healthcare,No
03,12,2021,SCAQ,2020.0,Shell Companies - Financials,Yes
03,12,2021,CFFE,2020.0,Shell Companies - Financials,Yes
03,12,2021,JOAN,1943.0,Specialty Retail - Consumer Discretionary,No
03,12,2021,STKH,2018.0,Packaged Foods - Consumer Staples,No
03,12,2021,GTPB,,,
03,12,2021,GTPA,,,
03,11,2021,CPNG,2010.0,Internet Retail - Consumer Discretionary,No
03,11,2021,PTOC,2020.0,Shell Companies - Financials,Yes
03,11,2021,SPKB,2020.0,Shell Companies - Financials,Yes
03,11,2021,LCAA,2021.0,Shell Companies - Financials,Yes
03,11,2021,FRON,2021.0,Shell Companies - Financials,Yes
03,11,2021,GAPA,,,
03,11,2021,ATSP,,,
03,11,2021,FHS,2012.0,Education & Training Services - Consumer Defensive,
03,10,2021,RBLX,2006.0,Electronic Gaming & Multimedia - Communication Services,No
03,10,2021,CLAA,2020.0,Shell Companies - Financials,Yes
03,10,2021,AGGR,2021.0,Shell Companies - Financials,No
03,10,2021,ESM,2021.0,Shell Companies - Financials,Yes
03,10,2021,VAQC,2021.0,Shell Companies - Financials,Yes
03,10,2021,DTOC,2020.0,Shell Companies - Financials,No
03,10,2021,FRXB,2020.0,Shell Companies - Financials,Yes
03,10,2021,SBII,,,
03,10,2021,FRW,,,
03,09,2021,ACQR,2020.0,Shell Companies - Financials,No
03,09,2021,PDOT,2021.0,Shell Companies - Financials,Yes
03,09,2021,SVFB,2020.0,Shell Companies - Financials,No
03,09,2021,GROY,2020.0,Other Precious Metals & Mining - Materials,No
03,09,2021,SVFC,,,
03,05,2021,WPCB,2020.0,Shell Companies - Financials,No
03,05,2021,IPVI,2020.0,Shell Companies - Financials,No
03,05,2021,WPCA,2020.0,Shell Companies - Financials,No
03,05,2021,VPCB,2021.0,Shell Companies - Financials,Yes
03,05,2021,IPVA,2020.0,,
03,05,2021,FRSG,2021.0,Shell Companies - Financials,No
03,05,2021,IPVF,2020.0,Shell Companies - Financials,No
03,05,2021,IRAA,2020.0,Shell Companies - Financials,Yes
03,05,2021,DMYQ,,,
03,05,2021,LHAA,,,
03,05,2021,TWNT,,,
03,05,2021,VPCC,2021.0,,
03,04,2021,HERA,2021.0,Shell Companies - Financials,Yes
03,04,2021,INNV,2007.0,Medical Care Facilities - Healthcare,No
03,04,2021,RXRA,2021.0,Blank Check / SPAC - Blank Check / SPAC,Yes
03,04,2021,PSAG,2020.0,Blank Check / SPAC - Blank Check / SPAC,Yes
03,04,2021,MBAC,2020.0,Shell Companies - Financials,Yes
03,04,2021,AURC,2020.0,Shell Companies - Financials,Yes
03,04,2021,ACAH,2020.0,Shell Companies - Financials,Yes
03,04,2021,TRCA,2021.0,Shell Companies - Financials,Yes
03,04,2021,ATAQ,2021.0,Shell Companies - Financials,Yes
03,04,2021,KVSA,2021.0,Shell Companies - Financials,Yes
03,03,2021,OSCR,,Healthcare Plans - Healthcare,No
03,03,2021,ISOS,,,
03,03,2021,ROCR,,,
03,03,2021,MACC,,,
03,02,2021,FTEV,2020.0,Shell Companies - Financials,Yes
03,02,2021,LOKM,2021.0,Shell Companies - Financials,Yes
03,02,2021,ANZU,2020.0,Shell Companies - Financials,Yes
03,02,2021,NSTD,2020.0,Shell Companies - Financials,No
03,02,2021,NSTC,2020.0,Shell Companies - Financials,No
03,02,2021,DHCA,2020.0,Shell Companies - Financials,Yes
03,02,2021,ARRW,2020.0,Shell Companies - Financials,Yes
03,02,2021,GBRG,2019.0,Shell Companies - Financials,Yes
03,02,2021,DHBC,,,
03,02,2021,HYAC2,2020.0,Shell Companies - Financials,Yes
03,02,2021,TSPQ,,,
03,02,2021,NDAC,,,
03,02,2021,AMPI,,,
03,02,2021,SNII,2020.0,,
03,02,2021,OHPA,,,
02,26,2021,WARR,2020.0,Blank Check / SPAC - Blank Check / SPAC,Yes
02,26,2021,FACT,2020.0,Shell Companies - Financials,Yes
02,26,2021,FSNB,2021.0,Shell Companies - Financials,Yes
02,26,2021,IBER,2020.0,Shell Companies - Financials,No
02,26,2021,AGACF,2020.0,Shell Companies - Financials,Yes
02,26,2021,TWLV,2020.0,Shell Companies - Financials,No
02,26,2021,ARYD,2020.0,Shell Companies - Financials,Yes
02,26,2021,KCAC2,,,
02,26,2021,LIII,,,
02,26,2021,SBEA,2020.0,Food Products - Consumer Staples,
02,26,2021,ASZ,,,
02,26,2021,AUS,,,
02,26,2021,MACQ,,,
02,25,2021,GIIX,2020.0,Shell Companies - Financial Services,No
02,25,2021,HUGS,2020.0,Blank Check / SPAC - Blank Check / SPAC,Yes
02,25,2021,ISLE,2020.0,Blank Check / SPAC - Blank Check / SPAC,Yes
02,25,2021,FLME,2020.0,Shell Companies - Financials,Yes
02,25,2021,EJFA,,,
02,25,2021,SCR,,Electronic Gaming & Multimedia - Communication Services,
02,24,2021,HIII,2020.0,Shell Companies - Financial Services,No
02,24,2021,GLBL,2020.0,Shell Companies - Financial Services,No
02,24,2021,COLI,2020.0,Shell Companies - Financial Services,No
02,24,2021,BOAS,2020.0,,
02,24,2021,SRNG,,,
02,23,2021,SLAM,2020.0,Shell Companies - Financials,No
02,23,2021,ANAC,2020.0,Shell Companies - Financials,Yes
02,23,2021,FTAA,2020.0,Shell Companies - Financials,Yes
02,23,2021,VELO,2020.0,Blank Check / SPAC - Blank Check / SPAC,Yes
02,23,2021,CMII,,Shell Companies - Financial Services,
02,23,2021,GSEV,,,
02,19,2021,FACA,2020.0,Blank Check / SPAC - Blank Check / SPAC,Yes
02,19,2021,ASPC,,,
02,19,2021,BRPM,2020.0,Shell Companies - Financial Services,
02,19,2021,TWNFF,2020.0,Shell Companies - Financials,Yes
02,19,2021,SPGS,,,
02,19,2021,CFVI,2020.0,,
02,18,2021,KIII,2020.0,Shell Companies - Financials,Yes
02,18,2021,FSRX,2020.0,Shell Companies - Financials,Yes
02,18,2021,QDRO,2020.0,Shell Companies - Financials,Yes
02,17,2021,NVSA,2020.0,Shell Companies - Financials,Yes
02,17,2021,PFDR,2020.0,Shell Companies - Financials,Yes
02,17,2021,SPTK,2020.0,Blank Check / SPAC - Blank Check / SPAC,Yes
02,17,2021,ABGI,2020.0,Shell Companies - Financials,Yes
02,17,2021,MACA,2020.0,Shell Companies - Financials,Yes
02,17,2021,VRPX,,Biotechnology - Healthcare,No
02,17,2021,AUUD,2012.0,Software - Application - Technology,No
02,17,2021,FSII,,,
02,16,2021,MSAC,2020.0,Shell Companies - Financials,Yes
02,12,2021,CVII,2020.0,Shell Companies - Financials,No
02,12,2021,CCVI,2020.0,Shell Companies - Financials,No
02,12,2021,DBTX,2013.0,Biotechnology - Healthcare,No
02,12,2021,CHAA,2020.0,Shell Companies - Financials,No
02,12,2021,SLAC,2020.0,Shell Companies - Financials,Yes
02,12,2021,BITE,2020.0,Shell Companies - Financials,Yes
02,12,2021,RCLF,2020.0,Shell Companies - Financials,Yes
02,12,2021,LGVN,2014.0,Biotechnology - Healthcare,No
02,12,2021,TLIS,2010.0,Medical Devices - Healthcare,No
02,12,2021,NEXI,2011.0,Biotechnology - Healthcare,No
02,12,2021,SCLE,,,
02,12,2021,TCAC,2020.0,,
02,12,2021,TSIB,,,
02,11,2021,SGFY,2017.0,Health Information Services - Healthcare,No
02,11,2021,BMBL,2014.0,Software - Application - Technology,No
02,11,2021,LDI,2010.0,Mortgage Finance - Financials,No
02,11,2021,BVS,2011.0,Medical Devices - Healthcare,No
02,11,2021,PUCK,2020.0,Shell Companies - Financials,Yes
02,11,2021,IACB,,,
02,11,2021,APR,,,
02,10,2021,LGAC,2020.0,Shell Companies - Financials,Yes
02,10,2021,SCOB,2020.0,Shell Companies - Financials,No
02,10,2021,APGB,2008.0,Shell Companies - Financials,No
02,10,2021,DSP,1999.0,Software - Application - Technology,No
02,10,2021,BPTS,2006.0,Biotechnology - Healthcare,No
02,10,2021,VLON,2018.0,Biotechnology - Healthcare,No
02,10,2021,XPDI,2020.0,,
02,10,2021,FORE,,,
02,09,2021,ADRA,2020.0,Shell Companies - Financials,Yes
02,09,2021,CPTK,2020.0,Shell Companies - Financials,Yes
02,09,2021,PICC,2020.0,Shell Companies - Financials,No
02,09,2021,VENA,2018.0,,
02,09,2021,ADAG,2011.0,Biotechnology - Healthcare,No
02,09,2021,PGRW,2020.0,Shell Companies - Financials,Yes
02,09,2021,EPOW,2014.0,Consulting Services - Industrials,No
02,09,2021,EVOJ,2020.0,Shell Companies - Financials,Yes
02,09,2021,PMGM,2020.0,Shell Companies - Financials,Yes
02,09,2021,RAASY,2012.0,Software - Application - Technology,No
02,09,2021,ENNV,,,
02,09,2021,GIG,2020.0,Shell Companies - Financial Services,
02,09,2021,SPAQ,2020.0,,
02,08,2021,BAOS,2018.0,Advertising Agencies - Communication Services,No
02,05,2021,IMCR,2008.0,Biotechnology - Healthcare,No
02,05,2021,PHVS,2015.0,Biotechnology - Healthcare,No
02,05,2021,GSQD,2020.0,Shell Companies - Financials,No
02,05,2021,COVA,2020.0,Blank Check / SPAC - Blank Check / SPAC,Yes
02,05,2021,TERN,2017.0,Biotechnology - Healthcare,No
02,05,2021,CPUH,2020.0,Shell Companies - Financials,Yes
02,05,2021,HHLA,2020.0,Shell Companies - Financials,Yes
02,05,2021,VOR,2015.0,Biotechnology - Healthcare,No
02,05,2021,RMGC,2020.0,Shell Companies - Financials,Yes
02,05,2021,TBCP,2020.0,Shell Companies - Financials,No
02,05,2021,QFTA,2020.0,Shell Companies - Financials,Yes
02,05,2021,SDAC,2020.0,Shell Companies - Financials,Yes
02,05,2021,ELTX,2011.0,Biotechnology - Healthcare,No
02,05,2021,BOLT,2015.0,Biotechnology - Healthcare,No
02,05,2021,EVAX,2008.0,Biotechnology - Healthcare,No
02,05,2021,CNEY,,Specialty Chemicals - Materials,No
02,05,2021,LHDXQ,2013.0,Medical Devices - Healthcare,No
02,05,2021,KURI,,,
02,05,2021,JOFF,,,
02,05,2021,ATMR,,,
02,05,2021,FWAA,,,
02,04,2021,SANA,2018.0,Biotechnology - Healthcare,No
02,04,2021,ITQ,2020.0,Shell Companies - Financials,Yes
02,04,2021,ASAX,2020.0,Blank Check / SPAC - Blank Check / SPAC,Yes
02,04,2021,SNSE,2005.0,Biotechnology - Healthcare,No
02,04,2021,LABP,2017.0,Biotechnology - Healthcare,No
02,04,2021,ACII,,,
02,04,2021,DCRN,2020.0,,
02,04,2021,ATC,,Chemicals - Materials,
02,04,2021,NXU,2020.0,,No
02,04,2021,CENH,,,
02,03,2021,TIXT,2005.0,Software - Infrastructure - Technology,No
02,03,2021,ONTF,1998.0,Software - Application - Technology,No
02,03,2021,PRPC,2020.0,Shell Companies - Financials,No
02,03,2021,KRNL,2020.0,Shell Companies - Financials,No
02,03,2021,GHAC,,,
02,03,2021,TMAC,,,
02,02,2021,AAC,2020.0,Shell Companies - Financials,Yes
02,02,2021,MDH,2020.0,Blank Check / SPAC - Blank Check / SPAC,Yes
02,02,2021,JWSM,2020.0,Shell Companies - Financials,Yes
02,02,2021,NRAC,2020.0,Shell Companies - Financials,Yes
02,02,2021,THMA,,,
01,29,2021,MIT,2020.0,Shell Companies - Financials,No
01,29,2021,TRIN,2007.0,Asset Management - Financials,No
01,29,2021,HMPT,2015.0,Mortgage Finance - Financials,No
01,29,2021,EQHA,2020.0,Blank Check / SPAC - Blank Check / SPAC,Yes
01,29,2021,BLUA,2020.0,Shell Companies - Financials,Yes
01,29,2021,NLSP,2015.0,Biotechnology - Healthcare,No
01,29,2021,CLRM,,,
01,29,2021,ZWRK,,,
01,29,2021,GCAC,2010.0,,
01,29,2021,BCAC,,,
01,29,2021,CFV,,,
01,28,2021,XM,2002.0,Software - Application - Technology,No
01,28,2021,ZIM,1945.0,Marine Shipping - Industrials,No
01,28,2021,ITHX,2020.0,,
01,28,2021,VINP,2009.0,Asset Management - Financials,No
01,28,2021,TLGA,2020.0,Shell Companies - Financials,Yes
01,28,2021,AGFY,2016.0,Engineering & Construction - Industrials,No
01,28,2021,OCDX,1939.0,Health Care Equipment & Supplies - Health Care,
01,28,2021,IGNY,2020.0,,
01,27,2021,SHLS,1996.0,Solar - Technology,No
01,27,2021,CSTA,2020.0,Shell Companies - Financials,Yes
01,27,2021,TIRX,,Insurance Brokers - Financials,No
01,27,2021,CLIM,,,
01,27,2021,HCAQ,,,
01,27,2021,FSSI,,,
01,27,2021,CAHC,,,
01,26,2021,DNZ,2020.0,Shell Companies - Financials,Yes
01,26,2021,HCII,2020.0,Shell Companies - Financial Services,No
01,26,2021,BIOT,2020.0,Shell Companies - Financials,Yes
01,26,2021,DHHC,2020.0,Shell Companies - Financials,No
01,26,2021,NSTB,2020.0,Shell Companies - Financials,No
01,26,2021,EZGO,,Recreational Vehicles - Consumer Discretionary,No
01,26,2021,LMAO,2020.0,,
01,26,2021,BTNB,2020.0,Shell Companies - Financial Services,
01,26,2021,SSAA,,,
01,22,2021,RLX,2018.0,Tobacco - Consumer Staples,No
01,22,2021,PAX,1988.0,Asset Management - Financials,No
01,22,2021,MNTK,1980.0,Utilities - Diversified - Utilities,No
01,22,2021,PV,2020.0,Blank Check / SPAC - Blank Check / SPAC,Yes
01,22,2021,NAAC,2020.0,Shell Companies - Financials,Yes
01,22,2021,JCIC,2020.0,Shell Companies - Financials,No
01,22,2021,HUDI,,Steel - Materials,No
01,22,2021,SHAC,,,
01,22,2021,EUSG,,,
01,22,2021,LMACA,,,
01,22,2021,OEPW,,,
01,22,2021,VOSO,,,
01,21,2021,DFH,2008.0,Residential Construction - Consumer Discretionary,No
01,21,2021,MYTE,2006.0,Luxury Goods - Consumer Discretionary,No
01,20,2021,TZPS,2020.0,Shell Companies - Financials,Yes
01,20,2021,FOXW,2020.0,Shell Companies - Financials,Yes
01,20,2021,LEGO,,Shell Companies - Financial Services,
01,20,2021,GMII,,,
01,20,2021,GMBT,2020.0,Shell Companies - Financial Services,
01,20,2021,OSTR,,,
01,15,2021,PLTK,2010.0,Electronic Gaming & Multimedia - Communication Services,No
01,15,2021,DRVN,1972.0,Auto & Truck Dealerships - Consumer Discretionary,No
01,15,2021,HCIC,2020.0,Shell Companies - Financial Services,No
01,15,2021,CLAS,2020.0,Shell Companies - Financial Services,No
01,15,2021,AEAC,2020.0,Shell Companies - Financials,Yes
01,15,2021,GNAC,2020.0,Blank Check / SPAC - Blank Check / SPAC,Yes
01,15,2021,ADER,2020.0,Shell Companies - Financials,Yes
01,15,2021,EAC,2020.0,Shell Companies - Financials,Yes
01,15,2021,OCAX,2020.0,Shell Companies - Financials,Yes
01,15,2021,ROT,,,
01,15,2021,TBA,,Shell Companies - Financial Services,
01,15,2021,HCCC,,,
01,14,2021,POSH,2011.0,Internet Retail - Consumer Discretionary,No
01,14,2021,WOOF,1965.0,Specialty Retail - Consumer Discretionary,No
01,14,2021,MON,2020.0,Blank Check / SPAC - Blank Check / SPAC,Yes
01,14,2021,ENVI,2020.0,,
01,14,2021,SLCR,2020.0,,
01,13,2021,AFRM,2012.0,Software - Infrastructure - Technology,No
01,13,2021,FINM,2020.0,Shell Companies - Financial Services,No
01,13,2021,FCAX,2020.0,Blank Check / SPAC - Blank Check / SPAC,Yes
01,13,2021,PNTM,2020.0,Shell Companies - Financials,No
01,13,2021,DLCA,2020.0,Blank Check / SPAC - Blank Check / SPAC,Yes
01,13,2021,MSGM,2018.0,Electronic Gaming & Multimedia - Communication Services,No
01,13,2021,HLAH,,,
01,13,2021,NGAB,,,
01,12,2021,GPAC,2020.0,Shell Companies - Financials,Yes
01,12,2021,ADEX,2020.0,Shell Companies - Financials,Yes
01,12,2021,QLI,,Drug Manufacturers - Specialty & Generic - Healthcare,No
01,12,2021,KUKE,2002.0,Entertainment - Communication Services,No
01,12,2021,ENFA,,,
01,12,2021,BCYP,,,
01,12,2021,SWET,,,
01,11,2021,LJAQ,2020.0,Blank Check / SPAC - Blank Check / SPAC,Yes
01,08,2021,SVFA,2020.0,Shell Companies - Financials,No
01,08,2021,EPHY,2020.0,Blank Check / SPAC - Blank Check / SPAC,Yes
01,08,2021,PACX,2020.0,Shell Companies - Financial Services,No
01,08,2021,CGEM,2016.0,Biotechnology - Healthcare,No
01,08,2021,POW,2020.0,Shell Companies - Financial Services,No
01,08,2021,GSAQ,2020.0,Blank Check / SPAC - Blank Check / SPAC,Yes
01,08,2021,GRCL,2017.0,Biotechnology - Healthcare,No
01,08,2021,LHC,2020.0,Shell Companies - Financials,No
01,08,2021,PRSR,2020.0,Shell Companies - Financials,No
01,08,2021,TMKR,,Shell Companies - Financials,Yes
01,08,2021,EPWR,,,
01,08,2021,KLAQ,,,
01,08,2021,MCAD,,,
01,08,2021,PAQC,2020.0,,
01,08,2021,LWAC,,,
01,08,2021,SWBK,,,
01,07,2021,OMEG,2020.0,Shell Companies - Financial Services,No
01,07,2021,INKA,2020.0,Shell Companies - Financials,Yes
01,07,2021,IVAN,2020.0,,
01,07,2021,AGCB,2020.0,Shell Companies - Financial Services,No
01,07,2021,BLTS,,,
01,07,2021,VCKA,2020.0,Shell Companies - Financial Services,
01,07,2021,VTIQ,,,
01,06,2021,KAIR,2020.0,Blank Check / SPAC - Blank Check / SPAC,Yes
01,06,2021,AKIC,,Blank Check / SPAC - Blank Check / SPAC,Yes
01,06,2021,PPGH,,,
01,06,2021,STPC,,Shell Companies - Financial Services,
01,05,2021,CRU,,,
01,05,2021,BENE,,,
01,05,2021,FVT,,,
